id	title	budget	start_date	end_date
1	Project1	29498	2018-08-31	2019-03-13
2	Project2	32487	2018-01-27	2018-12-13
3	Project3	43909	2019-11-05	2019-12-09
4	Project4	15776	2018-06-28	2018-11-20
5	Project5	36268	2019-03-13	2020-01-02
6	Project6	41611	2018-09-18	2019-08-28
7	Project7	34003	2020-05-28	2020-10-01
8	Project8	49284	2019-12-18	2020-04-18
9	Project9	32341	2018-05-24	2019-05-11
10	Project10	47587	2018-06-24	2018-11-19
11	Project11	11705	2020-03-06	2020-11-03
12	Project12	10468	2019-07-07	2020-03-15
13	Project13	43238	2018-07-04	2019-05-18
14	Project14	30014	2020-06-01	2020-11-17
15	Project15	48116	2019-06-08	2020-05-12
16	Project16	19922	2018-04-26	2018-09-24
17	Project17	19061	2018-01-30	2018-09-29
18	Project18	10302	2019-11-03	2020-06-07
19	Project19	44986	2018-07-03	2019-02-05
20	Project20	19497	2018-12-10	2019-11-04
21	Project21	24330	2018-01-07	2019-01-01
22	Project22	18590	2019-02-22	2019-06-05
23	Project23	41615	2019-07-12	2020-02-12
24	Project24	11918	2020-05-22	2021-03-02
25	Project25	38909	2018-09-07	2019-07-26
26	Project26	36190	2020-01-23	2021-01-03
27	Project27	12615	2019-06-29	2019-08-17
28	Project28	43656	2020-02-02	2020-12-05
29	Project29	10935	2018-01-19	2018-11-01
30	Project30	24011	2018-05-19	2019-04-21
31	Project31	41980	2020-04-07	2020-05-07
32	Project32	12356	2019-06-08	2020-03-25
33	Project33	30110	2019-11-27	2020-11-25
34	Project34	16344	2018-01-13	2018-06-26
35	Project35	23931	2019-07-03	2019-11-13
36	Project36	4676	2019-12-03	2020-05-22
37	Project37	8806	2018-06-28	2019-05-14
38	Project38	21644	2020-05-11	2020-07-22
39	Project39	25942	2019-04-04	2019-09-12
40	Project40	42941	2018-05-26	2019-02-08
41	Project41	25387	2019-08-21	2020-01-14
42	Project42	24934	2018-10-14	2019-04-05
43	Project43	25745	2018-10-28	2019-02-26
44	Project44	22885	2020-05-04	2021-03-02
45	Project45	44531	2018-03-26	2018-08-02
46	Project46	9824	2019-04-03	2020-01-27
47	Project47	44773	2018-11-03	2018-12-10
48	Project48	41628	2019-04-19	2019-10-15
49	Project49	48774	2019-12-02	2020-06-27
50	Project50	18915	2018-02-14	2018-08-06
51	Project51	22346	2020-02-03	2020-04-12